event_id,timestamp,symbol,broker_mode,signal_source,final_decision_status,rejection_reason_code,rejection_reason_detail,rejection_reasons,confidence,predicted_return,qlib_raw_score,spread_bps,liquidity_score,liquidity_stress,vwap_alignment_passed,bracket_expectancy_passed,candidate_rank
0b55bbcb-4627-4d6a-85dc-68608a21c772,2026-03-27T17:15:00+00:00,ADMA,alpaca_paper_api,qlib_candidate_only,rejected,liquidity_too_low,liquidity_filter,liquidity_filter,0.99,0.0008240959435821161,0.0008240959435821161,3.9452919516045677,0.19981167608286252,0.03156233561283654,True,,1
f638ee3e-6163-4b3d-b2d9-dbdbcd181c18,2026-03-27T17:15:00+00:00,CELH,alpaca_paper_api,qlib_candidate_only,rejected,target_return_below_threshold,predicted_return_threshold,predicted_return_threshold,0.99,0.0006304980166279422,0.0006304980166279422,0.7254788160184279,0.6278026905829597,0.005803830528147424,True,,2
526fac58-6a9a-4f01-a77f-1585cbd29162,2026-03-27T17:16:00+00:00,ONON,alpaca_paper_api,qlib_candidate_only,rejected,target_return_below_threshold,predicted_return_threshold,predicted_return_threshold; liquidity_filter,0.99,0.00043002037220034225,0.00043002037220034225,1.9057783198657248,0.18151354370287628,0.015246226558925798,True,,3
06ec1531-17cb-402f-8115-f4d751571ced,2026-03-27T17:16:00+00:00,INSM,alpaca_paper_api,qlib_candidate_only,rejected,target_return_below_threshold,predicted_return_threshold,predicted_return_threshold; liquidity_filter,0.99,0.00033301530913595765,0.00033301530913595765,0.5,0.13175230566534915,0.0,True,,4
00e2a2b4-0791-41b8-a0ad-8e26849e7119,2026-03-27T17:16:00+00:00,FROG,alpaca_paper_api,qlib_candidate_only,rejected,target_return_below_threshold,predicted_return_threshold,predicted_return_threshold; liquidity_filter,0.99,0.00028956233419154904,0.00028956233419154904,1.4392630972941036,0.3742988271290158,0.011514104778352829,True,,5
684caf25-4d5a-43fa-9207-c2021074ad8d,2026-03-27T17:16:00+00:00,DNLI,alpaca_paper_api,qlib_candidate_only,rejected,target_return_below_threshold,predicted_return_threshold,predicted_return_threshold; vwap_relationship; liquidity_filter,0.99,0.0002771086847648224,0.0002771086847648224,4.047490555855044,0.23628274839347504,0.03237992444684035,False,,6
556d7b35-955a-49f8-a6b2-d3015c5f8c4a,2026-03-27T17:13:00+00:00,WAY,alpaca_paper_api,qlib_candidate_only,rejected,target_return_below_threshold,predicted_return_threshold,predicted_return_threshold; vwap_relationship; spread_filter; liquidity_filter,0.99,0.0002289160988082918,0.0002289160988082918,7.316053511705343,0.2237044638276039,0.05852842809364275,False,,7
cd146f6c-1089-48ee-8187-c1ddb1af766b,2026-03-27T17:16:00+00:00,QBTS,alpaca_paper_api,qlib_candidate_only,rejected,target_return_below_threshold,predicted_return_threshold,predicted_return_threshold; vwap_relationship; liquidity_filter,0.99,0.0002108213873596005,0.0002108213873596005,3.5919540229884293,0.059375563977621365,0.028735632183907435,False,,8
a443ed32-6d5a-4a0d-bbe2-e26ea3201afb,2026-03-27T17:12:00+00:00,INDV,alpaca_paper_api,qlib_candidate_only,rejected,target_return_below_threshold,predicted_return_threshold,predicted_return_threshold; liquidity_filter,0.99,0.00019688666198895837,0.00019688666198895837,0.5,0.05701254275940707,0.0,True,,9
426e53b7-c6e8-4af3-b484-6c99a8c080be,2026-03-27T17:09:00+00:00,BNL,alpaca_paper_api,qlib_candidate_only,rejected,target_return_below_threshold,predicted_return_threshold,predicted_return_threshold; liquidity_filter,0.9890510948905109,0.00018205953538976788,0.00018205953538976788,0.5,0.11645299145299146,0.0,True,,10
3593ca24-aa16-40c3-b4ed-345d13301444,2026-03-27T17:15:00+00:00,SCO,alpaca_paper_api,qlib_candidate_only,rejected,target_return_below_threshold,predicted_return_threshold,predicted_return_threshold; liquidity_filter,0.9878345498783455,0.0001762122733054115,0.0001762122733054115,0.5,0.06393939393939393,0.0,True,,11
77ee3327-e25a-4353-938c-e9d211992488,2026-03-27T17:15:00+00:00,ODFL,alpaca_paper_api,qlib_candidate_only,rejected,target_return_below_threshold,predicted_return_threshold,predicted_return_threshold,0.98661800486618,0.00017493835449686234,0.00017493835449686234,5.602390353217206,1.0,0.04481912282573765,True,,12
76a57e18-8aa1-4aef-9e73-3920a27d55b4,2026-03-27T17:14:00+00:00,CRBG,alpaca_paper_api,qlib_candidate_only,rejected,target_return_below_threshold,predicted_return_threshold,predicted_return_threshold; liquidity_filter,0.9854014598540146,0.00016419805886137669,0.00016419805886137669,2.7478566717962334,0.1145147437732608,0.021982853374369865,True,,13
c1a5b526-c858-46b1-8ebf-f4b2ab6b3a20,2026-03-27T17:16:00+00:00,DHI,alpaca_paper_api,qlib_candidate_only,rejected,target_return_below_threshold,predicted_return_threshold,predicted_return_threshold; liquidity_filter,0.9841849148418491,0.00016383619184044318,0.00016383619184044318,0.5,0.27780734433209153,0.0,True,,14
e8c5cac1-8d12-4c69-97c4-a8fc61e1ca1d,2026-03-27T17:15:00+00:00,PRMB,alpaca_paper_api,qlib_candidate_only,rejected,target_return_below_threshold,predicted_return_threshold,predicted_return_threshold; liquidity_filter,0.9829683698296837,0.0001623551331229649,0.0001623551331229649,0.5,0.17406962785114047,0.0,True,,15
81fe93f8-2e1b-4a70-a152-2341affb6c48,2026-03-27T17:16:00+00:00,LBRT,alpaca_paper_api,qlib_candidate_only,rejected,target_return_below_threshold,predicted_return_threshold,predicted_return_threshold; vwap_relationship,0.9817518248175182,0.000158502790176246,0.000158502790176246,1.2752933174630647,0.5432950191570881,0.010202346539704518,False,,16
3ebfd9f5-a34c-49be-aa35-a76837751317,2026-03-27T17:15:00+00:00,VSCO,alpaca_paper_api,qlib_candidate_only,rejected,target_return_below_threshold,predicted_return_threshold,predicted_return_threshold; liquidity_filter,0.9805352798053528,0.00015376530896679032,0.00015376530896679032,0.5,0.09109209864116759,0.0,True,,17
9278485a-0eb5-4a4a-a77d-a7926872bec1,2026-03-27T17:14:00+00:00,GM,alpaca_paper_api,qlib_candidate_only,rejected,target_return_below_threshold,predicted_return_threshold,predicted_return_threshold; liquidity_filter,0.9793187347931873,0.00015240745355973138,0.00015240745355973138,0.5,0.14597156398104266,0.001354279523296225,True,,18
f2ef05be-69b0-4e72-b6ef-3f1a1a27ca16,2026-03-27T17:16:00+00:00,IBKR,alpaca_paper_api,qlib_candidate_only,rejected,target_return_below_threshold,predicted_return_threshold,predicted_return_threshold; liquidity_filter,0.9781021897810219,0.00014976931097256514,0.00014976931097256514,0.5,0.3119572478289913,0.0,True,,19
3636fcce-6502-420f-b4c4-36812851e214,2026-03-27T17:16:00+00:00,TAP,alpaca_paper_api,qlib_candidate_only,rejected,target_return_below_threshold,predicted_return_threshold,predicted_return_threshold; liquidity_filter,0.9768856447688564,0.00014586348134301014,0.00014586348134301014,0.5,0.279027902790279,0.0,True,,20
d07893d4-6d9a-47ab-9661-3ce1adfdaea0,2026-03-27T17:16:00+00:00,RCL,alpaca_paper_api,qlib_candidate_only,rejected,target_return_below_threshold,predicted_return_threshold,predicted_return_threshold; vwap_relationship,0.975669099756691,0.00014549072570465245,0.00014549072570465245,0.9964507373731789,0.5387096774193548,0.007971605898985431,False,,21
a433ccad-249a-44e4-ac17-8f1a84ac1099,2026-03-27T17:15:00+00:00,LULU,alpaca_paper_api,qlib_candidate_only,rejected,target_return_below_threshold,predicted_return_threshold,predicted_return_threshold; vwap_relationship; liquidity_filter,0.9744525547445255,0.00013924491166671191,0.00013924491166671191,0.6010647432599179,0.17981438515081208,0.0048085179460793425,False,,22
77704ae0-a242-4392-8d26-ef4d44c5ebfa,2026-03-27T17:12:00+00:00,ODD,alpaca_paper_api,qlib_candidate_only,rejected,target_return_below_threshold,predicted_return_threshold,predicted_return_threshold; liquidity_filter,0.9732360097323601,0.00013825930515298318,0.00013825930515298318,0.5,0.12727272727272726,0.0,True,,23
51c9028d-31f1-41ef-bdbf-44e9f8d69853,2026-03-27T17:16:00+00:00,TSEM,alpaca_paper_api,qlib_candidate_only,rejected,target_return_below_threshold,predicted_return_threshold,predicted_return_threshold; liquidity_filter,0.9720194647201946,0.0001314234042499271,0.0001314234042499271,0.5,0.09375,0.0,True,,24
9c1ce257-25bd-4ecd-9e1f-f1fe271941aa,2026-03-27T17:16:00+00:00,OKE,alpaca_paper_api,qlib_candidate_only,rejected,target_return_below_threshold,predicted_return_threshold,predicted_return_threshold; liquidity_filter,0.9708029197080292,0.0001261459691582925,0.0001261459691582925,0.5,0.17105263157894737,0.0021202162620598147,True,,25
6848fecb-280e-4ebb-9e7c-594947d92103,2026-03-27T17:15:00+00:00,VIK,alpaca_paper_api,qlib_candidate_only,rejected,target_return_below_threshold,predicted_return_threshold,predicted_return_threshold; liquidity_filter,0.9695863746958637,0.0001233871821815168,0.0001233871821815168,0.5,0.13020833333333334,0.0,True,,26
96656667-50f5-40e6-b1bd-e4c51229afa5,2026-03-27T17:16:00+00:00,DAL,alpaca_paper_api,qlib_candidate_only,rejected,target_return_below_threshold,predicted_return_threshold,predicted_return_threshold; liquidity_filter,0.9683698296836983,0.00012165883283347497,0.00012165883283347497,0.9511489879776931,0.12257804090419806,0.007609191903821545,True,,27
21a91986-20fe-42ad-9c34-715c28fed056,2026-03-27T17:15:00+00:00,QURE,alpaca_paper_api,qlib_candidate_only,rejected,target_return_below_threshold,predicted_return_threshold,predicted_return_threshold; liquidity_filter,0.9671532846715328,0.00011847942822266417,0.00011847942822266417,0.5,0.41109969167523125,0.0,True,,28
0ebc88d1-aeb6-4531-938e-0088c7cdca78,2026-03-27T17:14:00+00:00,SPOT,alpaca_paper_api,qlib_candidate_only,rejected,target_return_below_threshold,predicted_return_threshold,predicted_return_threshold; liquidity_filter,0.9659367396593674,0.00011438477897963361,0.00011438477897963361,0.5,0.0706713780918728,0.0,True,,29
9e194a6d-a9d0-4fa6-9007-6eebe8c8b4a7,2026-03-27T17:16:00+00:00,DOCS,alpaca_paper_api,qlib_candidate_only,rejected,target_return_below_threshold,predicted_return_threshold,predicted_return_threshold; liquidity_filter,0.9647201946472019,0.00011343191436108396,0.00011343191436108396,0.5,0.1524390243902439,0.0,True,,30
c7cfdf53-60e3-471b-b7c6-683f8ac2eb36,2026-03-27T17:16:00+00:00,NU,alpaca_paper_api,qlib_candidate_only,rejected,target_return_below_threshold,predicted_return_threshold,predicted_return_threshold,0.9635036496350365,0.00011259281901916496,0.00011259281901916496,0.5,0.8981520603082124,0.0,True,,31
35240676-505c-4427-8466-2bbebaf9eab7,2026-03-27T17:15:00+00:00,COF,alpaca_paper_api,qlib_candidate_only,rejected,target_return_below_threshold,predicted_return_threshold,predicted_return_threshold; liquidity_filter,0.962287104622871,0.00011084352331106158,0.00011084352331106158,0.5,0.046431217584588784,0.0,True,,32
78948dc6-0606-4c51-a08e-ba82a4fb28dc,2026-03-27T17:16:00+00:00,PSTG,alpaca_paper_api,qlib_candidate_only,rejected,target_return_below_threshold,predicted_return_threshold,predicted_return_threshold; liquidity_filter,0.9610705596107056,0.000110184813796876,0.000110184813796876,0.5,0.041402337228714524,0.0,True,,33
a0b82960-bbee-452c-b40f-1e3f981220de,2026-03-27T17:14:00+00:00,WELL,alpaca_paper_api,qlib_candidate_only,rejected,target_return_below_threshold,predicted_return_threshold,predicted_return_threshold; vwap_relationship; liquidity_filter,0.9598540145985401,0.00010848223433208218,0.00010848223433208218,0.5099179032174804,0.14058679706601468,0.0040793432257398435,False,,34
4ebccda2-ac05-465f-8215-a24f7effc03b,2026-03-27T17:16:00+00:00,TRGP,alpaca_paper_api,qlib_candidate_only,rejected,target_return_below_threshold,predicted_return_threshold,predicted_return_threshold; liquidity_filter,0.9586374695863747,0.00010775263003317558,0.00010775263003317558,1.4981423035436627,0.26476263990737164,0.011985138428349302,True,,35
e0d6eb1f-e1c6-45f7-b551-42542c53ed85,2026-03-27T17:12:00+00:00,ALKS,alpaca_paper_api,qlib_candidate_only,rejected,target_return_below_threshold,predicted_return_threshold,predicted_return_threshold; liquidity_filter,0.9574209245742092,0.00010772032473272574,0.00010772032473272574,2.9731566428814253,0.4713216957605985,0.023785253143051403,True,,36
dd76b14f-3add-4e6e-ac90-13fe1322c718,2026-03-27T17:14:00+00:00,Q,alpaca_paper_api,qlib_candidate_only,rejected,target_return_below_threshold,predicted_return_threshold,predicted_return_threshold; liquidity_filter,0.9562043795620438,0.00010583853254347717,0.00010583853254347717,0.5,0.09325044404973357,0.0,True,,37
f20b6edd-bd01-433a-a3ab-f09a6a3709d0,2026-03-27T17:15:00+00:00,UCO,alpaca_paper_api,qlib_candidate_only,rejected,target_return_below_threshold,predicted_return_threshold,predicted_return_threshold; liquidity_filter,0.9549878345498783,0.00010550707885031857,0.00010550707885031857,0.5,0.24375,0.0,True,,38
2655695b-d02d-4f73-9e8a-e0c9b093fb14,2026-03-27T17:11:00+00:00,LNC,alpaca_paper_api,qlib_candidate_only,rejected,target_return_below_threshold,predicted_return_threshold,predicted_return_threshold; liquidity_filter,0.9537712895377128,0.00010415359613815699,0.00010415359613815699,0.5,0.13624678663239073,0.0,True,,39
0c4ed52e-46ca-48b0-97ab-a8084184b430,2026-03-27T17:15:00+00:00,F,alpaca_paper_api,qlib_candidate_only,rejected,target_return_below_threshold,predicted_return_threshold,predicted_return_threshold; liquidity_filter,0.9525547445255474,0.00010302394397165893,0.00010302394397165893,0.5,0.3991484832357637,0.0,True,,40
014477c5-8331-4a7a-8e5c-b552cce1610a,2026-03-27T17:13:00+00:00,RCAT,alpaca_paper_api,qlib_candidate_only,rejected,target_return_below_threshold,predicted_return_threshold,predicted_return_threshold; liquidity_filter,0.9513381995133819,0.00010051639772415726,0.00010051639772415726,0.5,0.04882664647993944,0.0,True,,41
2883ab9b-b267-4d83-9763-37a205274ccb,2026-03-27T17:16:00+00:00,NESR,alpaca_paper_api,qlib_candidate_only,rejected,target_return_below_threshold,predicted_return_threshold,predicted_return_threshold; liquidity_filter,0.9501216545012166,9.932094046223002e-05,9.932094046223002e-05,1.729704797048036,0.2801498127340824,0.013837638376384288,True,,42
2c3c0cc8-b948-4f94-8aeb-72e60d23a6d1,2026-03-27T17:16:00+00:00,HBAN,alpaca_paper_api,qlib_candidate_only,rejected,target_return_below_threshold,predicted_return_threshold,predicted_return_threshold,0.948905109489051,9.733246913014105e-05,9.733246913014105e-05,1.6414970453052833,1.0,0.013131976362442267,True,,43
edd337fb-1b7f-4687-bd51-ab7f10d4e0b6,2026-03-27T17:16:00+00:00,DOCN,alpaca_paper_api,qlib_candidate_only,rejected,target_return_below_threshold,predicted_return_threshold,predicted_return_threshold,0.9476885644768857,9.690454364502557e-05,9.690454364502557e-05,3.558168316831525,0.6757775683317625,0.0284653465346522,True,,44
5d1b67cd-9509-485b-b40c-0e8d558c18dd,2026-03-27T17:16:00+00:00,MET,alpaca_paper_api,qlib_candidate_only,rejected,target_return_below_threshold,predicted_return_threshold,predicted_return_threshold; liquidity_filter,0.9464720194647201,9.500891298747236e-05,9.500891298747236e-05,0.5,0.04418004058291828,0.0,True,,45
04134e58-57df-42e3-8ec0-00d2acc6178d,2026-03-27T17:11:00+00:00,SMFG,alpaca_paper_api,qlib_candidate_only,rejected,target_return_below_threshold,predicted_return_threshold,predicted_return_threshold; liquidity_filter,0.9452554744525548,9.49012604285395e-05,9.49012604285395e-05,0.5,0.16985138004246284,0.0,True,,46
1495ffb9-63a7-460d-86ed-5cb5ba99f49d,2026-03-27T17:15:00+00:00,CNH,alpaca_paper_api,qlib_candidate_only,rejected,target_return_below_threshold,predicted_return_threshold,predicted_return_threshold; liquidity_filter,0.9440389294403893,9.466676681270095e-05,9.466676681270095e-05,0.5,0.05049282379387861,0.0,True,,47
59e45782-1292-4e7c-ada8-e129d750ed66,2026-03-27T17:16:00+00:00,KMI,alpaca_paper_api,qlib_candidate_only,rejected,target_return_below_threshold,predicted_return_threshold,predicted_return_threshold; liquidity_filter,0.9428223844282239,9.077585885196463e-05,9.077585885196463e-05,0.5,0.0363675489563159,0.0,True,,48
c2097e1e-0a48-4b99-ba65-67ee698bcae7,2026-03-27T17:14:00+00:00,CF,alpaca_paper_api,qlib_candidate_only,rejected,target_return_below_threshold,predicted_return_threshold,predicted_return_threshold; vwap_relationship; liquidity_filter,0.9416058394160584,8.857096888655631e-05,8.857096888655631e-05,0.6556271542034428,0.08370895041854476,0.005245017233627542,False,,49
88118448-d58f-4621-a724-2135e9d0fd17,2026-03-27T17:16:00+00:00,STM,alpaca_paper_api,qlib_candidate_only,rejected,target_return_below_threshold,predicted_return_threshold,predicted_return_threshold; liquidity_filter,0.940389294403893,8.695846338024522e-05,8.695846338024522e-05,0.5,0.11839836515741746,0.0030595074193070565,True,,50
f29c08a6-a16b-4cb5-a420-1cf285d5a864,2026-03-27T17:16:00+00:00,NI,alpaca_paper_api,qlib_candidate_only,rejected,target_return_below_threshold,predicted_return_threshold,predicted_return_threshold; liquidity_filter,0.9391727493917275,8.597169005821017e-05,8.597169005821017e-05,0.5,0.12,0.0,True,,51
cdee7c56-f96e-4b4c-9dc1-49cae61885c1,2026-03-27T17:13:00+00:00,ALM,alpaca_paper_api,qlib_candidate_only,rejected,target_return_below_threshold,predicted_return_threshold,predicted_return_threshold; liquidity_filter,0.9379562043795621,8.509188499314851e-05,8.509188499314851e-05,0.829737802854133,0.020498614958448753,0.006637902422833064,True,,52
1271151b-cf40-4ccf-8ada-da77aa5362f9,2026-03-27T17:16:00+00:00,UUUU,alpaca_paper_api,qlib_candidate_only,rejected,target_return_below_threshold,predicted_return_threshold,predicted_return_threshold; liquidity_filter,0.9367396593673966,-8.424071220118725e-05,-8.424071220118725e-05,1.386577925679147,0.39365273115654564,0.011092623405433176,True,,53
e26f1b12-cf04-4056-838b-b332f3dc512e,2026-03-27T17:16:00+00:00,PANW,alpaca_paper_api,qlib_candidate_only,rejected,target_return_below_threshold,predicted_return_threshold,predicted_return_threshold; liquidity_filter,0.9355231143552312,8.386065105447854e-05,8.386065105447854e-05,0.5150745141130612,0.09267563527653214,0.004120596112904489,True,,54
0264a24e-d378-4d83-8389-396bc2d0e9b0,2026-03-27T17:10:00+00:00,WSC,alpaca_paper_api,qlib_candidate_only,rejected,target_return_below_threshold,predicted_return_threshold,predicted_return_threshold; vwap_relationship,0.9343065693430657,8.2773473439644e-05,8.2773473439644e-05,5.757052389176619,0.749266862170088,0.04605641911341295,False,,55
af8a9625-0fb8-4d7c-b874-66df8d3bb16c,2026-03-27T17:15:00+00:00,ALK,alpaca_paper_api,qlib_candidate_only,rejected,target_return_below_threshold,predicted_return_threshold,predicted_return_threshold; liquidity_filter,0.9330900243309003,8.144141808886971e-05,8.144141808886971e-05,1.0091496232503676,0.05771832256125056,0.00807319698600294,True,,56
501b9e69-a1bd-4c3d-89e8-6ab34189304f,2026-03-27T17:15:00+00:00,GE,alpaca_paper_api,qlib_candidate_only,rejected,target_return_below_threshold,predicted_return_threshold,predicted_return_threshold; liquidity_filter,0.9318734793187348,7.99691375271804e-05,7.99691375271804e-05,0.5,0.14181818181818182,0.0,True,,57
40210dfa-1f5e-462e-9f18-0e5a686d6a7f,2026-03-27T17:15:00+00:00,AAOI,alpaca_paper_api,qlib_candidate_only,rejected,target_return_below_threshold,predicted_return_threshold,predicted_return_threshold; liquidity_filter,0.9306569343065694,7.980748751675206e-05,7.980748751675206e-05,0.5,0.3006885998469778,0.0,True,,58
8010e5e5-4979-41b8-95b7-3d5d5e795183,2026-03-27T17:16:00+00:00,UBS,alpaca_paper_api,qlib_candidate_only,rejected,target_return_below_threshold,predicted_return_threshold,predicted_return_threshold; liquidity_filter,0.9294403892944039,7.930795401465141e-05,7.930795401465141e-05,0.5,0.061030515257628815,0.0,True,,59
33970e62-022b-4978-a676-eb2e918366c2,2026-03-27T17:15:00+00:00,ES,alpaca_paper_api,qlib_candidate_only,rejected,target_return_below_threshold,predicted_return_threshold,predicted_return_threshold; liquidity_filter,0.9282238442822385,7.866990477156525e-05,7.866990477156525e-05,0.5,0.2063595068137573,0.0,True,,60
83a61690-4b10-4190-850f-0e51be0a7f05,2026-03-27T17:15:00+00:00,AAL,alpaca_paper_api,qlib_candidate_only,rejected,target_return_below_threshold,predicted_return_threshold,predicted_return_threshold; liquidity_filter,0.927007299270073,7.724706167952435e-05,7.724706167952435e-05,0.5,0.0033003300330033004,0.0,True,,61
21db3cbd-e7d9-4fce-938a-26bca6e505e5,2026-03-27T17:15:00+00:00,FOLD,alpaca_paper_api,qlib_candidate_only,rejected,target_return_below_threshold,predicted_return_threshold,predicted_return_threshold; liquidity_filter,0.9257907542579076,7.531518998947399e-05,7.531518998947399e-05,0.5,0.016666666666666666,0.0,True,,62
62e542e9-a374-43a3-85ed-8d4bb8457ea5,2026-03-27T17:16:00+00:00,VSNT,alpaca_paper_api,qlib_candidate_only,rejected,target_return_below_threshold,predicted_return_threshold,predicted_return_threshold,0.9245742092457421,7.446259904545783e-05,7.446259904545783e-05,0.5,0.5370569280343717,0.0,True,,63
b5cbb29c-23c3-47d8-ad3f-7da05b500953,2026-03-27T17:14:00+00:00,BJ,alpaca_paper_api,qlib_candidate_only,rejected,target_return_below_threshold,predicted_return_threshold,predicted_return_threshold; vwap_relationship; liquidity_filter,0.9233576642335767,6.934372342801846e-05,6.934372342801846e-05,0.5,0.3479328694228408,0.0010009008107315911,False,,64
65040a4b-720f-4d44-a7bc-ed6189ba99ac,2026-03-27T17:16:00+00:00,FLEX,alpaca_paper_api,qlib_candidate_only,rejected,target_return_below_threshold,predicted_return_threshold,predicted_return_threshold,0.9221411192214112,6.830617789611988e-05,6.830617789611988e-05,0.5777230010784382,0.6644125105663568,0.004621784008627505,True,,65
0ae1ebe8-695f-42c2-977b-82d2c4ec70b0,2026-03-27T17:13:00+00:00,ALKT,alpaca_paper_api,qlib_candidate_only,rejected,target_return_below_threshold,predicted_return_threshold,predicted_return_threshold; liquidity_filter,0.9209245742092458,6.820209205899051e-05,6.820209205899051e-05,0.5,0.3091190108191654,0.0,True,,66
e2f3c819-a4dd-425b-a8fc-61bbcf595fdf,2026-03-27T17:15:00+00:00,GPK,alpaca_paper_api,qlib_candidate_only,rejected,target_return_below_threshold,predicted_return_threshold,predicted_return_threshold,0.9197080291970803,6.574697380834683e-05,6.574697380834683e-05,0.5,0.5538184004810583,0.0,True,,67
8bdff1cc-a92b-4ec7-a379-e16b364df695,2026-03-27T17:16:00+00:00,PFE,alpaca_paper_api,qlib_candidate_only,rejected,target_return_below_threshold,predicted_return_threshold,predicted_return_threshold; liquidity_filter,0.9184914841849149,6.529559049976924e-05,6.529559049976924e-05,0.5,0.007922047056959518,0.0,True,,68
c3ead625-08ff-49ac-b076-59f03992885d,2026-03-27T17:16:00+00:00,PDD,alpaca_paper_api,qlib_candidate_only,rejected,target_return_below_threshold,predicted_return_threshold,predicted_return_threshold; liquidity_filter,0.9172749391727494,6.500343363847214e-05,6.500343363847214e-05,0.5,0.2524271844660194,0.003952178638473673,True,,69
792e13a4-52bc-47a4-a15b-cee5c7fcc250,2026-03-27T17:16:00+00:00,UPS,alpaca_paper_api,qlib_candidate_only,rejected,target_return_below_threshold,predicted_return_threshold,predicted_return_threshold; vwap_relationship; liquidity_filter,0.916058394160584,6.461421378878e-05,6.461421378878e-05,0.5268148772524032,0.2213069741900055,0.004214519018019225,False,,70
39c5b7fc-f4b5-4ac7-b14d-ceef7b3b4b89,2026-03-27T17:16:00+00:00,PENN,alpaca_paper_api,qlib_candidate_only,rejected,target_return_below_threshold,predicted_return_threshold,predicted_return_threshold; liquidity_filter,0.9148418491484185,6.413579203119342e-05,6.413579203119342e-05,0.5,0.13702623906705538,0.0,True,,71
d2e993ef-f707-438f-bcfb-cf9aadef835e,2026-03-27T17:15:00+00:00,RYN,alpaca_paper_api,qlib_candidate_only,rejected,target_return_below_threshold,predicted_return_threshold,predicted_return_threshold; liquidity_filter,0.9136253041362531,6.394403387621684e-05,6.394403387621684e-05,0.5,0.09909090909090909,0.0,True,,72
6a09ffc7-119f-4f38-b6e1-f7c29c3cbb60,2026-03-27T17:16:00+00:00,WDC,alpaca_paper_api,qlib_candidate_only,rejected,target_return_below_threshold,predicted_return_threshold,predicted_return_threshold; liquidity_filter,0.9124087591240876,6.357849058754554e-05,6.357849058754554e-05,3.9127149744549388,0.19951690821256038,0.03130171979563951,True,,73
c30d94ba-25de-4013-8c1e-d5f4897e6948,2026-03-27T17:15:00+00:00,KKR,alpaca_paper_api,qlib_candidate_only,rejected,target_return_below_threshold,predicted_return_threshold,predicted_return_threshold; liquidity_filter,0.9111922141119222,6.175013577596768e-05,6.175013577596768e-05,0.5,0.05711086226203808,0.0,True,,74
28174a80-ca85-49ad-a4ea-2a7581336875,2026-03-27T17:15:00+00:00,BATL,alpaca_paper_api,qlib_candidate_only,rejected,target_return_below_threshold,predicted_return_threshold,predicted_return_threshold; liquidity_filter,0.9099756690997567,6.151966382755386e-05,6.151966382755386e-05,0.5,0.4919236417033774,0.0,True,,75
165d5374-786a-4381-9181-8685bf270e1d,2026-03-27T17:14:00+00:00,ADM,alpaca_paper_api,qlib_candidate_only,rejected,target_return_below_threshold,predicted_return_threshold,predicted_return_threshold; liquidity_filter,0.9087591240875912,6.0338246392337737e-05,6.0338246392337737e-05,0.5,0.1321014892443464,0.0,True,,76
ad00659c-a1e6-4051-9fdb-6dc471092a76,2026-03-27T17:14:00+00:00,CCJ,alpaca_paper_api,qlib_candidate_only,rejected,target_return_below_threshold,predicted_return_threshold,predicted_return_threshold; vwap_relationship; liquidity_filter,0.9075425790754258,5.8852911684097897e-05,5.8852911684097897e-05,0.5,0.13341346153846154,0.0009559315552997712,False,,77
e2ffcfdb-9e8e-4049-a083-84ec96699d49,2026-03-27T17:15:00+00:00,BEAM,alpaca_paper_api,qlib_candidate_only,rejected,target_return_below_threshold,predicted_return_threshold,predicted_return_threshold; liquidity_filter,0.9063260340632603,5.864292177533657e-05,5.864292177533657e-05,0.5,0.26765015806111697,0.0,True,,78
24172088-7c2f-4ab4-b86e-3a51943cd62e,2026-03-27T17:16:00+00:00,SMCI,alpaca_paper_api,qlib_candidate_only,rejected,target_return_below_threshold,predicted_return_threshold,predicted_return_threshold; liquidity_filter,0.9051094890510949,5.813706919818601e-05,5.813706919818601e-05,2.301495972382408,0.1744075075552728,0.018411967779059263,True,,79
d183859d-f581-4bf4-b34f-2efd1cf7b3b2,2026-03-27T17:15:00+00:00,APO,alpaca_paper_api,qlib_candidate_only,rejected,target_return_below_threshold,predicted_return_threshold,predicted_return_threshold; vwap_relationship; liquidity_filter,0.9038929440389294,5.786962801101935e-05,5.786962801101935e-05,0.5,0.12869141154158764,0.001829993595020753,False,,80
684f86a1-960c-4144-9a72-b1e981841d89,2026-03-27T17:15:00+00:00,RKLB,alpaca_paper_api,qlib_candidate_only,rejected,target_return_below_threshold,predicted_return_threshold,predicted_return_threshold; vwap_relationship; liquidity_filter,0.902676399026764,5.741857222567631e-05,5.741857222567631e-05,1.6191709844559241,0.21099290780141844,0.012953367875647393,False,,81
bd131c2c-135b-4924-8309-afb340c4d27f,2026-03-27T17:16:00+00:00,IONQ,alpaca_paper_api,qlib_candidate_only,rejected,target_return_below_threshold,predicted_return_threshold,predicted_return_threshold; vwap_relationship; liquidity_filter,0.9014598540145985,5.731350805195393e-05,5.731350805195393e-05,2.2281639928697485,0.17846519928613921,0.01782531194295799,False,,82
5dba766e-e1a5-4b38-a195-34d1154154de,2026-03-27T17:16:00+00:00,FSLY,alpaca_paper_api,qlib_candidate_only,rejected,target_return_below_threshold,predicted_return_threshold,predicted_return_threshold; liquidity_filter,0.9002433090024331,5.724505075497881e-05,5.724505075497881e-05,0.5,0.07194244604316546,0.0,True,,83
0811b810-cd18-44e2-b8df-3a4c63846f6c,2026-03-27T17:14:00+00:00,LAZ,alpaca_paper_api,qlib_candidate_only,rejected,target_return_below_threshold,predicted_return_threshold,predicted_return_threshold; vwap_relationship; liquidity_filter,0.8990267639902676,5.7211874974725924e-05,5.7211874974725924e-05,2.1493490542862066,0.10499770747363595,0.017194792434289653,False,,84
ae3a180f-26a1-4607-b46f-35f48f3a30c1,2026-03-27T17:11:00+00:00,ZSL,alpaca_paper_api,qlib_candidate_only,rejected,target_return_below_threshold,predicted_return_threshold,predicted_return_threshold; liquidity_filter,0.8978102189781022,5.682093344295981e-05,5.682093344295981e-05,0.5,0.0794,0.0,True,,85
c2773352-deec-4613-a7fd-014c61bb5830,2026-03-27T17:13:00+00:00,HD,alpaca_paper_api,qlib_candidate_only,rejected,target_return_below_threshold,predicted_return_threshold,predicted_return_threshold; liquidity_filter,0.8965936739659367,5.6631174170398895e-05,5.6631174170398895e-05,0.538677009265192,0.25643564356435644,0.004309416074121536,True,,86
a0b7e241-3eee-4b12-9d6a-afd37d16f503,2026-03-27T17:16:00+00:00,PL,alpaca_paper_api,qlib_candidate_only,rejected,target_return_below_threshold,predicted_return_threshold,predicted_return_threshold; vwap_relationship; liquidity_filter,0.8953771289537713,5.622537579511851e-05,5.622537579511851e-05,2.7982091461464775,0.4116331096196868,0.02238567316917182,False,,87
8b277be7-2f21-47ed-9573-ea89f292b2e7,2026-03-27T17:13:00+00:00,BOIL,alpaca_paper_api,qlib_candidate_only,rejected,target_return_below_threshold,predicted_return_threshold,predicted_return_threshold; vwap_relationship; liquidity_filter,0.8941605839416058,5.6052080180013804e-05,5.6052080180013804e-05,1.4376078205862581,0.3545347467608952,0.011500862564690064,False,,88
ed57558c-a1cb-457b-b01c-d58a9bfc984f,2026-03-27T17:16:00+00:00,RUN,alpaca_paper_api,qlib_candidate_only,rejected,target_return_below_threshold,predicted_return_threshold,predicted_return_threshold; liquidity_filter,0.8929440389294404,5.559220976152654e-05,5.559220976152654e-05,0.5,0.04994007191370355,0.0,True,,89
7589021a-15ed-4fea-bc96-07c3cf600df9,2026-03-27T17:16:00+00:00,HMC,alpaca_paper_api,qlib_candidate_only,rejected,target_return_below_threshold,predicted_return_threshold,predicted_return_threshold; liquidity_filter,0.8917274939172749,5.4994625879768926e-05,5.4994625879768926e-05,0.5,0.14388489208633093,0.0,True,,90
3eb88cc0-27b7-4dde-b2f0-d45a81f1cbc9,2026-03-27T17:16:00+00:00,DXCM,alpaca_paper_api,qlib_candidate_only,rejected,target_return_below_threshold,predicted_return_threshold,predicted_return_threshold,0.8905109489051095,-5.466016568759309e-05,-5.466016568759309e-05,0.5,0.8951612903225806,0.0,True,,91
d3f0fdb3-5429-4f4d-9f4b-589212ebcd18,2026-03-27T17:16:00+00:00,GLW,alpaca_paper_api,qlib_candidate_only,rejected,target_return_below_threshold,predicted_return_threshold,predicted_return_threshold; liquidity_filter,0.889294403892944,5.4638016320879606e-05,5.4638016320879606e-05,1.2857247814271837,0.1998149861239593,0.010285798251417469,True,,92
f62508c5-d7a5-44a3-b6c3-c4c0d38af7f4,2026-03-27T17:16:00+00:00,SEI,alpaca_paper_api,qlib_candidate_only,rejected,target_return_below_threshold,predicted_return_threshold,predicted_return_threshold; liquidity_filter,0.8880778588807786,5.421143826605813e-05,5.421143826605813e-05,0.5,0.34121274409044194,0.0,True,,93
011c6e41-1957-4691-9b4e-04ed318bd322,2026-03-27T17:12:00+00:00,NET,alpaca_paper_api,qlib_candidate_only,rejected,target_return_below_threshold,predicted_return_threshold,predicted_return_threshold; liquidity_filter,0.8868613138686131,5.404146705252349e-05,5.404146705252349e-05,0.5,0.3939393939393939,0.0004959210493713083,True,,94
a1fd5efe-c8e2-495d-a860-1ea29d75d559,2026-03-27T17:15:00+00:00,XPEV,alpaca_paper_api,qlib_candidate_only,rejected,target_return_below_threshold,predicted_return_threshold,predicted_return_threshold; liquidity_filter,0.8856447688564477,5.34389094245503e-05,5.34389094245503e-05,0.5,0.06119027661357921,0.0,True,,95
17a6440c-3b60-4e6a-8503-2e925fd568f0,2026-03-27T17:16:00+00:00,FTNT,alpaca_paper_api,qlib_candidate_only,rejected,target_return_below_threshold,predicted_return_threshold,predicted_return_threshold; liquidity_filter,0.8844282238442822,5.338726017137239e-05,5.338726017137239e-05,0.5,0.08217993079584775,0.0,True,,96
691c92c2-d45f-4360-af31-63896c91bf1f,2026-03-27T17:16:00+00:00,FLY,alpaca_paper_api,qlib_candidate_only,rejected,target_return_below_threshold,predicted_return_threshold,predicted_return_threshold; liquidity_filter,0.8832116788321168,5.327786048978226e-05,5.327786048978226e-05,0.5,0.23701138050470064,0.0,True,,97
53c391cc-1c43-4078-88e2-357a96e3fb98,2026-03-27T17:14:00+00:00,AM,alpaca_paper_api,qlib_candidate_only,rejected,target_return_below_threshold,predicted_return_threshold,predicted_return_threshold; liquidity_filter,0.8819951338199513,5.3053537122069066e-05,5.3053537122069066e-05,0.5,0.386175807663411,0.0,True,,98
9f57b213-4ae5-40d7-a43f-8e5d5dab87f3,2026-03-27T17:15:00+00:00,ALAB,alpaca_paper_api,qlib_candidate_only,rejected,target_return_below_threshold,predicted_return_threshold,predicted_return_threshold; liquidity_filter,0.8807785888077859,5.273078118082727e-05,5.273078118082727e-05,0.5,0.21415270018621974,0.0,True,,99
540bb163-dec4-49a4-9968-ca4cdace1817,2026-03-27T17:15:00+00:00,CAT,alpaca_paper_api,qlib_candidate_only,rejected,target_return_below_threshold,predicted_return_threshold,predicted_return_threshold; liquidity_filter,0.8795620437956204,5.24369740124063e-05,5.24369740124063e-05,0.5,0.13857677902621723,0.0,True,,100
